{"frames": {

"Block_000":
{
	"frame": {"x":1760,"y":1128,"w":185,"h":372},
	"rotated": false,
	"trimmed": true,
	"spriteSourceSize": {"x":54,"y":0,"w":185,"h":372},
	"sourceSize": {"w":294,"h":395}
},
"Block_001":
{
	"frame": {"x":2810,"y":373,"w":204,"h":367},
	"rotated": false,
	"trimmed": true,
	"spriteSourceSize": {"x":36,"y":16,"w":204,"h":367},
	"sourceSize": {"w":294,"h":395}
},
"Block_002":
{
	"frame": {"x":3203,"y":364,"w":221,"h":354},
	"rotated": false,
	"trimmed": true,
	"spriteSourceSize": {"x":26,"y":32,"w":221,"h":354},
	"sourceSize": {"w":294,"h":395}
},
"Block_003":
{
	"frame": {"x":3675,"y":1031,"w":290,"h":343},
	"rotated": false,
	"trimmed": true,
	"spriteSourceSize": {"x":2,"y":52,"w":290,"h":343},
	"sourceSize": {"w":294,"h":395}
},
"Block_004":
{
	"frame": {"x":3675,"y":1031,"w":290,"h":343},
	"rotated": false,
	"trimmed": true,
	"spriteSourceSize": {"x":2,"y":52,"w":290,"h":343},
	"sourceSize": {"w":294,"h":395}
},
"Block_005":
{
	"frame": {"x":3675,"y":1031,"w":290,"h":343},
	"rotated": false,
	"trimmed": true,
	"spriteSourceSize": {"x":2,"y":52,"w":290,"h":343},
	"sourceSize": {"w":294,"h":395}
},
"Block_006":
{
	"frame": {"x":3675,"y":1031,"w":290,"h":343},
	"rotated": false,
	"trimmed": true,
	"spriteSourceSize": {"x":2,"y":52,"w":290,"h":343},
	"sourceSize": {"w":294,"h":395}
},
"Block_007":
{
	"frame": {"x":3675,"y":1031,"w":290,"h":343},
	"rotated": false,
	"trimmed": true,
	"spriteSourceSize": {"x":2,"y":52,"w":290,"h":343},
	"sourceSize": {"w":294,"h":395}
},
"Block_008":
{
	"frame": {"x":3675,"y":1031,"w":290,"h":343},
	"rotated": false,
	"trimmed": true,
	"spriteSourceSize": {"x":2,"y":52,"w":290,"h":343},
	"sourceSize": {"w":294,"h":395}
},
"Block_009":
{
	"frame": {"x":3675,"y":1031,"w":290,"h":343},
	"rotated": false,
	"trimmed": true,
	"spriteSourceSize": {"x":2,"y":52,"w":290,"h":343},
	"sourceSize": {"w":294,"h":395}
},
"Hit_000":
{
	"frame": {"x":2569,"y":1495,"w":180,"h":370},
	"rotated": false,
	"trimmed": true,
	"spriteSourceSize": {"x":56,"y":25,"w":180,"h":370},
	"sourceSize": {"w":255,"h":399}
},
"Hit_001":
{
	"frame": {"x":2553,"y":1869,"w":185,"h":370},
	"rotated": false,
	"trimmed": true,
	"spriteSourceSize": {"x":43,"y":28,"w":185,"h":370},
	"sourceSize": {"w":255,"h":399}
},
"Hit_002":
{
	"frame": {"x":2947,"y":1,"w":190,"h":367},
	"rotated": false,
	"trimmed": true,
	"spriteSourceSize": {"x":30,"y":32,"w":190,"h":367},
	"sourceSize": {"w":255,"h":399}
},
"Hit_003":
{
	"frame": {"x":2862,"y":742,"w":194,"h":363},
	"rotated": false,
	"trimmed": true,
	"spriteSourceSize": {"x":18,"y":36,"w":194,"h":363},
	"sourceSize": {"w":255,"h":399}
},
"Hit_004":
{
	"frame": {"x":1514,"y":378,"w":184,"h":373},
	"rotated": false,
	"trimmed": true,
	"spriteSourceSize": {"x":68,"y":24,"w":184,"h":373},
	"sourceSize": {"w":255,"h":399}
},
"Hit_005":
{
	"frame": {"x":1514,"y":378,"w":184,"h":373},
	"rotated": false,
	"trimmed": true,
	"spriteSourceSize": {"x":68,"y":24,"w":184,"h":373},
	"sourceSize": {"w":255,"h":399}
},
"Hit_006":
{
	"frame": {"x":1514,"y":378,"w":184,"h":373},
	"rotated": false,
	"trimmed": true,
	"spriteSourceSize": {"x":68,"y":24,"w":184,"h":373},
	"sourceSize": {"w":255,"h":399}
},
"Hit_007":
{
	"frame": {"x":1514,"y":378,"w":184,"h":373},
	"rotated": false,
	"trimmed": true,
	"spriteSourceSize": {"x":68,"y":24,"w":184,"h":373},
	"sourceSize": {"w":255,"h":399}
},
"Hit_008":
{
	"frame": {"x":1514,"y":378,"w":184,"h":373},
	"rotated": false,
	"trimmed": true,
	"spriteSourceSize": {"x":68,"y":24,"w":184,"h":373},
	"sourceSize": {"w":255,"h":399}
},
"Hit_009":
{
	"frame": {"x":1514,"y":378,"w":184,"h":373},
	"rotated": false,
	"trimmed": true,
	"spriteSourceSize": {"x":68,"y":24,"w":184,"h":373},
	"sourceSize": {"w":255,"h":399}
},
"HitBig_000":
{
	"frame": {"x":2190,"y":1873,"w":180,"h":371},
	"rotated": false,
	"trimmed": true,
	"spriteSourceSize": {"x":275,"y":16,"w":180,"h":371},
	"sourceSize": {"w":474,"h":413}
},
"HitBig_001":
{
	"frame": {"x":3681,"y":696,"w":248,"h":333},
	"rotated": false,
	"trimmed": true,
	"spriteSourceSize": {"x":134,"y":49,"w":248,"h":333},
	"sourceSize": {"w":474,"h":413}
},
"HitBig_002":
{
	"frame": {"x":3642,"y":1376,"w":300,"h":312},
	"rotated": false,
	"trimmed": true,
	"spriteSourceSize": {"x":9,"y":80,"w":300,"h":312},
	"sourceSize": {"w":474,"h":413}
},
"HitBig_003":
{
	"frame": {"x":1682,"y":2259,"w":283,"h":322},
	"rotated": false,
	"trimmed": true,
	"spriteSourceSize": {"x":38,"y":75,"w":283,"h":322},
	"sourceSize": {"w":474,"h":413}
},
"HitBig_004":
{
	"frame": {"x":2154,"y":2250,"w":211,"h":328},
	"rotated": false,
	"trimmed": true,
	"spriteSourceSize": {"x":131,"y":70,"w":211,"h":328},
	"sourceSize": {"w":474,"h":413}
},
"HitBig_005":
{
	"frame": {"x":1967,"y":2257,"w":185,"h":325},
	"rotated": false,
	"trimmed": true,
	"spriteSourceSize": {"x":166,"y":69,"w":185,"h":325},
	"sourceSize": {"w":474,"h":413}
},
"HitBig_006":
{
	"frame": {"x":3391,"y":2133,"w":184,"h":325},
	"rotated": false,
	"trimmed": true,
	"spriteSourceSize": {"x":167,"y":69,"w":184,"h":325},
	"sourceSize": {"w":474,"h":413}
},
"HitBig_007":
{
	"frame": {"x":1226,"y":1917,"w":172,"h":374},
	"rotated": false,
	"trimmed": true,
	"spriteSourceSize": {"x":232,"y":38,"w":172,"h":374},
	"sourceSize": {"w":474,"h":413}
},
"HitBig_008":
{
	"frame": {"x":1659,"y":1,"w":184,"h":373},
	"rotated": false,
	"trimmed": true,
	"spriteSourceSize": {"x":287,"y":15,"w":184,"h":373},
	"sourceSize": {"w":474,"h":413}
},
"HitBig_009":
{
	"frame": {"x":1659,"y":1,"w":184,"h":373},
	"rotated": false,
	"trimmed": true,
	"spriteSourceSize": {"x":287,"y":15,"w":184,"h":373},
	"sourceSize": {"w":474,"h":413}
},
"Idle_000":
{
	"frame": {"x":2404,"y":1,"w":184,"h":371},
	"rotated": false,
	"trimmed": true,
	"spriteSourceSize": {"x":6,"y":0,"w":184,"h":371},
	"sourceSize": {"w":193,"h":371}
},
"Idle_001":
{
	"frame": {"x":2372,"y":1871,"w":179,"h":371},
	"rotated": false,
	"trimmed": true,
	"spriteSourceSize": {"x":11,"y":0,"w":179,"h":371},
	"sourceSize": {"w":193,"h":371}
},
"Idle_002":
{
	"frame": {"x":2338,"y":749,"w":173,"h":371},
	"rotated": false,
	"trimmed": true,
	"spriteSourceSize": {"x":17,"y":0,"w":173,"h":371},
	"sourceSize": {"w":193,"h":371}
},
"Idle_003":
{
	"frame": {"x":2445,"y":374,"w":165,"h":371},
	"rotated": false,
	"trimmed": true,
	"spriteSourceSize": {"x":24,"y":0,"w":165,"h":371},
	"sourceSize": {"w":193,"h":371}
},
"Idle_004":
{
	"frame": {"x":2590,"y":1,"w":165,"h":371},
	"rotated": false,
	"trimmed": true,
	"spriteSourceSize": {"x":24,"y":0,"w":165,"h":371},
	"sourceSize": {"w":193,"h":371}
},
"Idle_005":
{
	"frame": {"x":2497,"y":1122,"w":164,"h":371},
	"rotated": false,
	"trimmed": true,
	"spriteSourceSize": {"x":24,"y":0,"w":164,"h":371},
	"sourceSize": {"w":193,"h":371}
},
"Idle_006":
{
	"frame": {"x":2513,"y":747,"w":164,"h":371},
	"rotated": false,
	"trimmed": true,
	"spriteSourceSize": {"x":24,"y":0,"w":164,"h":371},
	"sourceSize": {"w":193,"h":371}
},
"Idle_007":
{
	"frame": {"x":2402,"y":1496,"w":165,"h":371},
	"rotated": false,
	"trimmed": true,
	"spriteSourceSize": {"x":24,"y":0,"w":165,"h":371},
	"sourceSize": {"w":193,"h":371}
},
"Idle_008":
{
	"frame": {"x":2445,"y":374,"w":165,"h":371},
	"rotated": false,
	"trimmed": true,
	"spriteSourceSize": {"x":24,"y":0,"w":165,"h":371},
	"sourceSize": {"w":193,"h":371}
},
"Idle_009":
{
	"frame": {"x":2319,"y":1123,"w":176,"h":371},
	"rotated": false,
	"trimmed": true,
	"spriteSourceSize": {"x":14,"y":0,"w":176,"h":371},
	"sourceSize": {"w":193,"h":371}
},
"Jump_000":
{
	"frame": {"x":1476,"y":1509,"w":184,"h":373},
	"rotated": false,
	"trimmed": true,
	"spriteSourceSize": {"x":10,"y":49,"w":184,"h":373},
	"sourceSize": {"w":343,"h":427}
},
"Jump_001":
{
	"frame": {"x":2757,"y":1,"w":188,"h":370},
	"rotated": false,
	"trimmed": true,
	"spriteSourceSize": {"x":6,"y":56,"w":188,"h":370},
	"sourceSize": {"w":343,"h":427}
},
"Jump_002":
{
	"frame": {"x":3016,"y":370,"w":185,"h":363},
	"rotated": false,
	"trimmed": true,
	"spriteSourceSize": {"x":3,"y":64,"w":185,"h":363},
	"sourceSize": {"w":343,"h":427}
},
"Jump_003":
{
	"frame": {"x":3056,"y":1107,"w":186,"h":356},
	"rotated": false,
	"trimmed": true,
	"spriteSourceSize": {"x":0,"y":71,"w":186,"h":356},
	"sourceSize": {"w":343,"h":427}
},
"Jump_004":
{
	"frame": {"x":3454,"y":1368,"w":186,"h":347},
	"rotated": false,
	"trimmed": true,
	"spriteSourceSize": {"x":0,"y":78,"w":186,"h":347},
	"sourceSize": {"w":343,"h":427}
},
"Jump_005":
{
	"frame": {"x":862,"y":1543,"w":194,"h":380},
	"rotated": false,
	"trimmed": true,
	"spriteSourceSize": {"x":67,"y":40,"w":194,"h":380},
	"sourceSize": {"w":343,"h":427}
},
"Jump_006":
{
	"frame": {"x":208,"y":787,"w":265,"h":389},
	"rotated": false,
	"trimmed": true,
	"spriteSourceSize": {"x":69,"y":4,"w":265,"h":389},
	"sourceSize": {"w":343,"h":427}
},
"Jump_007":
{
	"frame": {"x":208,"y":787,"w":265,"h":389},
	"rotated": false,
	"trimmed": true,
	"spriteSourceSize": {"x":69,"y":4,"w":265,"h":389},
	"sourceSize": {"w":343,"h":427}
},
"Jump_008":
{
	"frame": {"x":208,"y":787,"w":265,"h":389},
	"rotated": false,
	"trimmed": true,
	"spriteSourceSize": {"x":69,"y":4,"w":265,"h":389},
	"sourceSize": {"w":343,"h":427}
},
"Jump_009":
{
	"frame": {"x":208,"y":787,"w":265,"h":389},
	"rotated": false,
	"trimmed": true,
	"spriteSourceSize": {"x":69,"y":4,"w":265,"h":389},
	"sourceSize": {"w":343,"h":427}
},
"JumpKick_000":
{
	"frame": {"x":1,"y":1581,"w":265,"h":389},
	"rotated": false,
	"trimmed": true,
	"spriteSourceSize": {"x":2,"y":17,"w":265,"h":389},
	"sourceSize": {"w":277,"h":406}
},
"JumpKick_001":
{
	"frame": {"x":1,"y":1189,"w":230,"h":390},
	"rotated": false,
	"trimmed": true,
	"spriteSourceSize": {"x":16,"y":8,"w":230,"h":390},
	"sourceSize": {"w":277,"h":406}
},
"JumpKick_002":
{
	"frame": {"x":1027,"y":385,"w":199,"h":378},
	"rotated": false,
	"trimmed": true,
	"spriteSourceSize": {"x":34,"y":4,"w":199,"h":378},
	"sourceSize": {"w":277,"h":406}
},
"JumpKick_003":
{
	"frame": {"x":3444,"y":1022,"w":229,"h":344},
	"rotated": false,
	"trimmed": true,
	"spriteSourceSize": {"x":36,"y":5,"w":229,"h":344},
	"sourceSize": {"w":277,"h":406}
},
"JumpKick_004":
{
	"frame": {"x":3426,"y":355,"w":262,"h":314},
	"rotated": false,
	"trimmed": true,
	"spriteSourceSize": {"x":14,"y":11,"w":262,"h":314},
	"sourceSize": {"w":277,"h":406}
},
"JumpKick_005":
{
	"frame": {"x":3426,"y":355,"w":262,"h":314},
	"rotated": false,
	"trimmed": true,
	"spriteSourceSize": {"x":14,"y":11,"w":262,"h":314},
	"sourceSize": {"w":277,"h":406}
},
"JumpKick_006":
{
	"frame": {"x":3426,"y":355,"w":262,"h":314},
	"rotated": false,
	"trimmed": true,
	"spriteSourceSize": {"x":14,"y":11,"w":262,"h":314},
	"sourceSize": {"w":277,"h":406}
},
"JumpKick_007":
{
	"frame": {"x":3426,"y":355,"w":262,"h":314},
	"rotated": false,
	"trimmed": true,
	"spriteSourceSize": {"x":14,"y":11,"w":262,"h":314},
	"sourceSize": {"w":277,"h":406}
},
"JumpKick_008":
{
	"frame": {"x":3426,"y":355,"w":262,"h":314},
	"rotated": false,
	"trimmed": true,
	"spriteSourceSize": {"x":14,"y":11,"w":262,"h":314},
	"sourceSize": {"w":277,"h":406}
},
"JumpKick_009":
{
	"frame": {"x":3426,"y":355,"w":262,"h":314},
	"rotated": false,
	"trimmed": true,
	"spriteSourceSize": {"x":14,"y":11,"w":262,"h":314},
	"sourceSize": {"w":277,"h":406}
},
"JumpPunch_000":
{
	"frame": {"x":1574,"y":1133,"w":184,"h":373},
	"rotated": false,
	"trimmed": true,
	"spriteSourceSize": {"x":29,"y":100,"w":184,"h":373},
	"sourceSize": {"w":397,"h":478}
},
"JumpPunch_001":
{
	"frame": {"x":2851,"y":1117,"w":203,"h":364},
	"rotated": false,
	"trimmed": true,
	"spriteSourceSize": {"x":2,"y":114,"w":203,"h":364},
	"sourceSize": {"w":397,"h":478}
},
"JumpPunch_002":
{
	"frame": {"x":3244,"y":1091,"w":198,"h":347},
	"rotated": false,
	"trimmed": true,
	"spriteSourceSize": {"x":8,"y":129,"w":198,"h":347},
	"sourceSize": {"w":397,"h":478}
},
"JumpPunch_003":
{
	"frame": {"x":2367,"y":2246,"w":227,"h":335},
	"rotated": false,
	"trimmed": true,
	"spriteSourceSize": {"x":65,"y":90,"w":227,"h":335},
	"sourceSize": {"w":397,"h":478}
},
"JumpPunch_004":
{
	"frame": {"x":205,"y":395,"w":298,"h":390},
	"rotated": false,
	"trimmed": true,
	"spriteSourceSize": {"x":88,"y":54,"w":298,"h":390},
	"sourceSize": {"w":397,"h":478}
},
"JumpPunch_005":
{
	"frame": {"x":662,"y":1555,"w":198,"h":381},
	"rotated": false,
	"trimmed": true,
	"spriteSourceSize": {"x":153,"y":25,"w":198,"h":381},
	"sourceSize": {"w":397,"h":478}
},
"JumpPunch_006":
{
	"frame": {"x":811,"y":1160,"w":176,"h":381},
	"rotated": false,
	"trimmed": true,
	"spriteSourceSize": {"x":164,"y":15,"w":176,"h":381},
	"sourceSize": {"w":397,"h":478}
},
"JumpPunch_007":
{
	"frame": {"x":225,"y":1972,"w":195,"h":386},
	"rotated": false,
	"trimmed": true,
	"spriteSourceSize": {"x":155,"y":12,"w":195,"h":386},
	"sourceSize": {"w":397,"h":478}
},
"JumpPunch_008":
{
	"frame": {"x":233,"y":1178,"w":264,"h":389},
	"rotated": false,
	"trimmed": true,
	"spriteSourceSize": {"x":123,"y":25,"w":264,"h":389},
	"sourceSize": {"w":397,"h":478}
},
"JumpPunch_009":
{
	"frame": {"x":233,"y":1178,"w":264,"h":389},
	"rotated": false,
	"trimmed": true,
	"spriteSourceSize": {"x":123,"y":25,"w":264,"h":389},
	"sourceSize": {"w":397,"h":478}
},
"Land_000":
{
	"frame": {"x":372,"y":1,"w":264,"h":390},
	"rotated": false,
	"trimmed": true,
	"spriteSourceSize": {"x":65,"y":17,"w":264,"h":390},
	"sourceSize": {"w":365,"h":465}
},
"Land_001":
{
	"frame": {"x":191,"y":1,"w":179,"h":392},
	"rotated": false,
	"trimmed": true,
	"spriteSourceSize": {"x":108,"y":5,"w":179,"h":392},
	"sourceSize": {"w":365,"h":465}
},
"Land_002":
{
	"frame": {"x":1,"y":1972,"w":222,"h":386},
	"rotated": false,
	"trimmed": true,
	"spriteSourceSize": {"x":75,"y":12,"w":222,"h":386},
	"sourceSize": {"w":365,"h":465}
},
"Land_003":
{
	"frame": {"x":268,"y":1569,"w":216,"h":385},
	"rotated": false,
	"trimmed": true,
	"spriteSourceSize": {"x":83,"y":48,"w":216,"h":385},
	"sourceSize": {"w":365,"h":465}
},
"Land_004":
{
	"frame": {"x":1433,"y":1,"w":224,"h":375},
	"rotated": false,
	"trimmed": true,
	"spriteSourceSize": {"x":74,"y":90,"w":224,"h":375},
	"sourceSize": {"w":365,"h":465}
},
"Land_005":
{
	"frame": {"x":1256,"y":1,"w":175,"h":376},
	"rotated": false,
	"trimmed": true,
	"spriteSourceSize": {"x":143,"y":75,"w":175,"h":376},
	"sourceSize": {"w":365,"h":465}
},
"Land_006":
{
	"frame": {"x":2596,"y":2241,"w":232,"h":337},
	"rotated": false,
	"trimmed": true,
	"spriteSourceSize": {"x":131,"y":88,"w":232,"h":337},
	"sourceSize": {"w":365,"h":465}
},
"Land_007":
{
	"frame": {"x":2940,"y":1857,"w":186,"h":360},
	"rotated": false,
	"trimmed": true,
	"spriteSourceSize": {"x":87,"y":74,"w":186,"h":360},
	"sourceSize": {"w":365,"h":465}
},
"Land_008":
{
	"frame": {"x":1593,"y":753,"w":184,"h":373},
	"rotated": false,
	"trimmed": true,
	"spriteSourceSize": {"x":6,"y":62,"w":184,"h":373},
	"sourceSize": {"w":365,"h":465}
},
"Land_009":
{
	"frame": {"x":1593,"y":753,"w":184,"h":373},
	"rotated": false,
	"trimmed": true,
	"spriteSourceSize": {"x":6,"y":62,"w":184,"h":373},
	"sourceSize": {"w":365,"h":465}
},
"LeftKick_000":
{
	"frame": {"x":1700,"y":376,"w":184,"h":373},
	"rotated": false,
	"trimmed": true,
	"spriteSourceSize": {"x":61,"y":28,"w":184,"h":373},
	"sourceSize": {"w":354,"h":401}
},
"LeftKick_001":
{
	"frame": {"x":2663,"y":1120,"w":186,"h":369},
	"rotated": false,
	"trimmed": true,
	"spriteSourceSize": {"x":52,"y":28,"w":186,"h":369},
	"sourceSize": {"w":354,"h":401}
},
"LeftKick_002":
{
	"frame": {"x":3139,"y":1,"w":236,"h":361},
	"rotated": false,
	"trimmed": true,
	"spriteSourceSize": {"x":2,"y":28,"w":236,"h":361},
	"sourceSize": {"w":354,"h":401}
},
"LeftKick_003":
{
	"frame": {"x":604,"y":1956,"w":158,"h":382},
	"rotated": false,
	"trimmed": true,
	"spriteSourceSize": {"x":105,"y":19,"w":158,"h":382},
	"sourceSize": {"w":354,"h":401}
},
"LeftKick_004":
{
	"frame": {"x":1191,"y":1154,"w":194,"h":374},
	"rotated": false,
	"trimmed": true,
	"spriteSourceSize": {"x":96,"y":9,"w":194,"h":374},
	"sourceSize": {"w":354,"h":401}
},
"LeftKick_005":
{
	"frame": {"x":2830,"y":2234,"w":281,"h":347},
	"rotated": false,
	"trimmed": true,
	"spriteSourceSize": {"x":73,"y":0,"w":281,"h":347},
	"sourceSize": {"w":354,"h":401}
},
"LeftKick_006":
{
	"frame": {"x":1255,"y":1530,"w":219,"h":373},
	"rotated": false,
	"trimmed": true,
	"spriteSourceSize": {"x":74,"y":9,"w":219,"h":373},
	"sourceSize": {"w":354,"h":401}
},
"LeftKick_007":
{
	"frame": {"x":871,"y":1,"w":179,"h":382},
	"rotated": false,
	"trimmed": true,
	"spriteSourceSize": {"x":85,"y":19,"w":179,"h":382},
	"sourceSize": {"w":354,"h":401}
},
"LeftKick_008":
{
	"frame": {"x":1700,"y":376,"w":184,"h":373},
	"rotated": false,
	"trimmed": true,
	"spriteSourceSize": {"x":61,"y":28,"w":184,"h":373},
	"sourceSize": {"w":354,"h":401}
},
"LeftKick_009":
{
	"frame": {"x":1700,"y":376,"w":184,"h":373},
	"rotated": false,
	"trimmed": true,
	"spriteSourceSize": {"x":61,"y":28,"w":184,"h":373},
	"sourceSize": {"w":354,"h":401}
},
"LeftPunch_000":
{
	"frame": {"x":1848,"y":1502,"w":184,"h":372},
	"rotated": false,
	"trimmed": true,
	"spriteSourceSize": {"x":54,"y":0,"w":184,"h":372},
	"sourceSize": {"w":333,"h":392}
},
"LeftPunch_001":
{
	"frame": {"x":1231,"y":758,"w":173,"h":374},
	"rotated": false,
	"trimmed": true,
	"spriteSourceSize": {"x":58,"y":0,"w":173,"h":374},
	"sourceSize": {"w":333,"h":392}
},
"LeftPunch_002":
{
	"frame": {"x":1058,"y":1541,"w":195,"h":374},
	"rotated": false,
	"trimmed": true,
	"spriteSourceSize": {"x":36,"y":0,"w":195,"h":374},
	"sourceSize": {"w":333,"h":392}
},
"LeftPunch_003":
{
	"frame": {"x":1773,"y":1883,"w":229,"h":372},
	"rotated": false,
	"trimmed": true,
	"spriteSourceSize": {"x":2,"y":0,"w":229,"h":372},
	"sourceSize": {"w":333,"h":392}
},
"LeftPunch_004":
{
	"frame": {"x":1,"y":796,"w":205,"h":391},
	"rotated": false,
	"trimmed": true,
	"spriteSourceSize": {"x":40,"y":0,"w":205,"h":391},
	"sourceSize": {"w":333,"h":392}
},
"LeftPunch_005":
{
	"frame": {"x":1,"y":402,"w":202,"h":392},
	"rotated": false,
	"trimmed": true,
	"spriteSourceSize": {"x":83,"y":0,"w":202,"h":392},
	"sourceSize": {"w":333,"h":392}
},
"LeftPunch_006":
{
	"frame": {"x":1228,"y":380,"w":284,"h":376},
	"rotated": false,
	"trimmed": true,
	"spriteSourceSize": {"x":49,"y":0,"w":284,"h":376},
	"sourceSize": {"w":333,"h":392}
},
"LeftPunch_007":
{
	"frame": {"x":638,"y":1,"w":231,"h":386},
	"rotated": false,
	"trimmed": true,
	"spriteSourceSize": {"x":68,"y":0,"w":231,"h":386},
	"sourceSize": {"w":333,"h":392}
},
"LeftPunch_008":
{
	"frame": {"x":1848,"y":1502,"w":184,"h":372},
	"rotated": false,
	"trimmed": true,
	"spriteSourceSize": {"x":54,"y":0,"w":184,"h":372},
	"sourceSize": {"w":333,"h":392}
},
"LeftPunch_009":
{
	"frame": {"x":1848,"y":1502,"w":184,"h":372},
	"rotated": false,
	"trimmed": true,
	"spriteSourceSize": {"x":54,"y":0,"w":184,"h":372},
	"sourceSize": {"w":333,"h":392}
},
"Lose_000":
{
	"frame": {"x":2220,"y":1498,"w":180,"h":371},
	"rotated": false,
	"trimmed": true,
	"spriteSourceSize": {"x":435,"y":41,"w":180,"h":371},
	"sourceSize": {"w":615,"h":501}
},
"Lose_001":
{
	"frame": {"x":3691,"y":352,"w":268,"h":342},
	"rotated": false,
	"trimmed": true,
	"spriteSourceSize": {"x":320,"y":43,"w":268,"h":342},
	"sourceSize": {"w":615,"h":501}
},
"Lose_002":
{
	"frame": {"x":3577,"y":2133,"w":339,"h":311},
	"rotated": false,
	"trimmed": true,
	"spriteSourceSize": {"x":211,"y":39,"w":339,"h":311},
	"sourceSize": {"w":615,"h":501}
},
"Lose_003":
{
	"frame": {"x":1311,"y":2293,"w":369,"h":283},
	"rotated": false,
	"trimmed": true,
	"spriteSourceSize": {"x":142,"y":120,"w":369,"h":283},
	"sourceSize": {"w":615,"h":501}
},
"Lose_004":
{
	"frame": {"x":919,"y":2320,"w":390,"h":240},
	"rotated": false,
	"trimmed": true,
	"spriteSourceSize": {"x":81,"y":209,"w":390,"h":240},
	"sourceSize": {"w":615,"h":501}
},
"Lose_005":
{
	"frame": {"x":1,"y":2360,"w":405,"h":216},
	"rotated": false,
	"trimmed": true,
	"spriteSourceSize": {"x":74,"y":227,"w":405,"h":216},
	"sourceSize": {"w":615,"h":501}
},
"Lose_006":
{
	"frame": {"x":3367,"y":1926,"w":425,"h":205},
	"rotated": false,
	"trimmed": true,
	"spriteSourceSize": {"x":70,"y":248,"w":425,"h":205},
	"sourceSize": {"w":615,"h":501}
},
"Lose_007":
{
	"frame": {"x":3454,"y":1717,"w":465,"h":207},
	"rotated": false,
	"trimmed": true,
	"spriteSourceSize": {"x":32,"y":267,"w":465,"h":207},
	"sourceSize": {"w":615,"h":501}
},
"Lose_008":
{
	"frame": {"x":408,"y":2360,"w":509,"h":210},
	"rotated": false,
	"trimmed": true,
	"spriteSourceSize": {"x":0,"y":291,"w":509,"h":210},
	"sourceSize": {"w":615,"h":501}
},
"Lose_009":
{
	"frame": {"x":408,"y":2360,"w":509,"h":210},
	"rotated": false,
	"trimmed": true,
	"spriteSourceSize": {"x":0,"y":291,"w":509,"h":210},
	"sourceSize": {"w":615,"h":501}
},
"MoveBack_000":
{
	"frame": {"x":1779,"y":751,"w":185,"h":372},
	"rotated": false,
	"trimmed": true,
	"spriteSourceSize": {"x":152,"y":0,"w":185,"h":372},
	"sourceSize": {"w":339,"h":373}
},
"MoveBack_001":
{
	"frame": {"x":1400,"y":1905,"w":185,"h":373},
	"rotated": false,
	"trimmed": true,
	"spriteSourceSize": {"x":152,"y":0,"w":185,"h":373},
	"sourceSize": {"w":339,"h":373}
},
"MoveBack_002":
{
	"frame": {"x":1886,"y":376,"w":185,"h":372},
	"rotated": false,
	"trimmed": true,
	"spriteSourceSize": {"x":152,"y":0,"w":185,"h":372},
	"sourceSize": {"w":339,"h":373}
},
"MoveBack_003":
{
	"frame": {"x":1947,"y":1125,"w":184,"h":372},
	"rotated": false,
	"trimmed": true,
	"spriteSourceSize": {"x":110,"y":0,"w":184,"h":372},
	"sourceSize": {"w":339,"h":373}
},
"MoveBack_004":
{
	"frame": {"x":1966,"y":750,"w":184,"h":372},
	"rotated": false,
	"trimmed": true,
	"spriteSourceSize": {"x":68,"y":0,"w":184,"h":372},
	"sourceSize": {"w":339,"h":373}
},
"MoveBack_005":
{
	"frame": {"x":1845,"y":1,"w":184,"h":373},
	"rotated": false,
	"trimmed": true,
	"spriteSourceSize": {"x":37,"y":0,"w":184,"h":373},
	"sourceSize": {"w":339,"h":373}
},
"MoveBack_006":
{
	"frame": {"x":2073,"y":375,"w":184,"h":372},
	"rotated": false,
	"trimmed": true,
	"spriteSourceSize": {"x":6,"y":1,"w":184,"h":372},
	"sourceSize": {"w":339,"h":373}
},
"MoveBack_007":
{
	"frame": {"x":2073,"y":375,"w":184,"h":372},
	"rotated": false,
	"trimmed": true,
	"spriteSourceSize": {"x":6,"y":1,"w":184,"h":372},
	"sourceSize": {"w":339,"h":373}
},
"MoveBack_008":
{
	"frame": {"x":2073,"y":375,"w":184,"h":372},
	"rotated": false,
	"trimmed": true,
	"spriteSourceSize": {"x":6,"y":1,"w":184,"h":372},
	"sourceSize": {"w":339,"h":373}
},
"MoveBack_009":
{
	"frame": {"x":2073,"y":375,"w":184,"h":372},
	"rotated": false,
	"trimmed": true,
	"spriteSourceSize": {"x":6,"y":1,"w":184,"h":372},
	"sourceSize": {"w":339,"h":373}
},
"MoveForward_000":
{
	"frame": {"x":2218,"y":1,"w":184,"h":372},
	"rotated": false,
	"trimmed": true,
	"spriteSourceSize": {"x":6,"y":0,"w":184,"h":372},
	"sourceSize": {"w":395,"h":379}
},
"MoveForward_001":
{
	"frame": {"x":2004,"y":1876,"w":184,"h":372},
	"rotated": false,
	"trimmed": true,
	"spriteSourceSize": {"x":6,"y":0,"w":184,"h":372},
	"sourceSize": {"w":395,"h":379}
},
"MoveForward_002":
{
	"frame": {"x":2034,"y":1499,"w":184,"h":372},
	"rotated": false,
	"trimmed": true,
	"spriteSourceSize": {"x":6,"y":0,"w":184,"h":372},
	"sourceSize": {"w":395,"h":379}
},
"MoveForward_003":
{
	"frame": {"x":2031,"y":1,"w":185,"h":372},
	"rotated": false,
	"trimmed": true,
	"spriteSourceSize": {"x":8,"y":0,"w":185,"h":372},
	"sourceSize": {"w":395,"h":379}
},
"MoveForward_004":
{
	"frame": {"x":1387,"y":1134,"w":185,"h":373},
	"rotated": false,
	"trimmed": true,
	"spriteSourceSize": {"x":75,"y":2,"w":185,"h":373},
	"sourceSize": {"w":395,"h":379}
},
"MoveForward_005":
{
	"frame": {"x":1587,"y":1884,"w":184,"h":373},
	"rotated": false,
	"trimmed": true,
	"spriteSourceSize": {"x":142,"y":5,"w":184,"h":373},
	"sourceSize": {"w":395,"h":379}
},
"MoveForward_006":
{
	"frame": {"x":2133,"y":1124,"w":184,"h":372},
	"rotated": false,
	"trimmed": true,
	"spriteSourceSize": {"x":208,"y":7,"w":184,"h":372},
	"sourceSize": {"w":395,"h":379}
},
"MoveForward_007":
{
	"frame": {"x":2133,"y":1124,"w":184,"h":372},
	"rotated": false,
	"trimmed": true,
	"spriteSourceSize": {"x":208,"y":7,"w":184,"h":372},
	"sourceSize": {"w":395,"h":379}
},
"MoveForward_008":
{
	"frame": {"x":2133,"y":1124,"w":184,"h":372},
	"rotated": false,
	"trimmed": true,
	"spriteSourceSize": {"x":208,"y":7,"w":184,"h":372},
	"sourceSize": {"w":395,"h":379}
},
"MoveForward_009":
{
	"frame": {"x":2133,"y":1124,"w":184,"h":372},
	"rotated": false,
	"trimmed": true,
	"spriteSourceSize": {"x":208,"y":7,"w":184,"h":372},
	"sourceSize": {"w":395,"h":379}
},
"PreIdle_000":
{
	"frame": {"x":659,"y":1169,"w":150,"h":384},
	"rotated": false,
	"trimmed": true,
	"spriteSourceSize": {"x":0,"y":0,"w":150,"h":384},
	"sourceSize": {"w":210,"h":394}
},
"PreIdle_001":
{
	"frame": {"x":652,"y":782,"w":152,"h":385},
	"rotated": false,
	"trimmed": true,
	"spriteSourceSize": {"x":5,"y":2,"w":152,"h":385},
	"sourceSize": {"w":210,"h":394}
},
"PreIdle_002":
{
	"frame": {"x":422,"y":1956,"w":180,"h":385},
	"rotated": false,
	"trimmed": true,
	"spriteSourceSize": {"x":5,"y":5,"w":180,"h":385},
	"sourceSize": {"w":210,"h":394}
},
"PreIdle_003":
{
	"frame": {"x":806,"y":775,"w":199,"h":383},
	"rotated": false,
	"trimmed": true,
	"spriteSourceSize": {"x":3,"y":9,"w":199,"h":383},
	"sourceSize": {"w":210,"h":394}
},
"PreIdle_004":
{
	"frame": {"x":764,"y":1938,"w":208,"h":380},
	"rotated": false,
	"trimmed": true,
	"spriteSourceSize": {"x":2,"y":13,"w":208,"h":380},
	"sourceSize": {"w":210,"h":394}
},
"PreIdle_005":
{
	"frame": {"x":1052,"y":1,"w":202,"h":377},
	"rotated": false,
	"trimmed": true,
	"spriteSourceSize": {"x":4,"y":17,"w":202,"h":377},
	"sourceSize": {"w":210,"h":394}
},
"PreIdle_006":
{
	"frame": {"x":2152,"y":749,"w":184,"h":372},
	"rotated": false,
	"trimmed": true,
	"spriteSourceSize": {"x":6,"y":22,"w":184,"h":372},
	"sourceSize": {"w":210,"h":394}
},
"PreIdle_007":
{
	"frame": {"x":2152,"y":749,"w":184,"h":372},
	"rotated": false,
	"trimmed": true,
	"spriteSourceSize": {"x":6,"y":22,"w":184,"h":372},
	"sourceSize": {"w":210,"h":394}
},
"PreIdle_008":
{
	"frame": {"x":2152,"y":749,"w":184,"h":372},
	"rotated": false,
	"trimmed": true,
	"spriteSourceSize": {"x":6,"y":22,"w":184,"h":372},
	"sourceSize": {"w":210,"h":394}
},
"PreIdle_009":
{
	"frame": {"x":2152,"y":749,"w":184,"h":372},
	"rotated": false,
	"trimmed": true,
	"spriteSourceSize": {"x":6,"y":22,"w":184,"h":372},
	"sourceSize": {"w":210,"h":394}
},
"RightKick_000":
{
	"frame": {"x":2612,"y":374,"w":196,"h":370},
	"rotated": false,
	"trimmed": true,
	"spriteSourceSize": {"x":57,"y":0,"w":196,"h":370},
	"sourceSize": {"w":350,"h":387}
},
"RightKick_001":
{
	"frame": {"x":3058,"y":735,"w":246,"h":354},
	"rotated": false,
	"trimmed": true,
	"spriteSourceSize": {"x":2,"y":8,"w":246,"h":354},
	"sourceSize": {"w":350,"h":387}
},
"RightKick_002":
{
	"frame": {"x":989,"y":1160,"w":200,"h":379},
	"rotated": false,
	"trimmed": true,
	"spriteSourceSize": {"x":60,"y":6,"w":200,"h":379},
	"sourceSize": {"w":350,"h":387}
},
"RightKick_003":
{
	"frame": {"x":2740,"y":1867,"w":198,"h":365},
	"rotated": false,
	"trimmed": true,
	"spriteSourceSize": {"x":91,"y":3,"w":198,"h":365},
	"sourceSize": {"w":350,"h":387}
},
"RightKick_004":
{
	"frame": {"x":3113,"y":2219,"w":276,"h":357},
	"rotated": false,
	"trimmed": true,
	"spriteSourceSize": {"x":74,"y":0,"w":276,"h":357},
	"sourceSize": {"w":350,"h":387}
},
"RightKick_005":
{
	"frame": {"x":1007,"y":774,"w":222,"h":378},
	"rotated": false,
	"trimmed": true,
	"spriteSourceSize": {"x":94,"y":0,"w":222,"h":378},
	"sourceSize": {"w":350,"h":387}
},
"RightKick_006":
{
	"frame": {"x":505,"y":393,"w":164,"h":387},
	"rotated": false,
	"trimmed": true,
	"spriteSourceSize": {"x":118,"y":0,"w":164,"h":387},
	"sourceSize": {"w":350,"h":387}
},
"RightKick_007":
{
	"frame": {"x":499,"y":1178,"w":158,"h":385},
	"rotated": false,
	"trimmed": true,
	"spriteSourceSize": {"x":105,"y":0,"w":158,"h":385},
	"sourceSize": {"w":350,"h":387}
},
"RightKick_008":
{
	"frame": {"x":1406,"y":758,"w":185,"h":373},
	"rotated": false,
	"trimmed": true,
	"spriteSourceSize": {"x":68,"y":0,"w":185,"h":373},
	"sourceSize": {"w":350,"h":387}
},
"RightKick_009":
{
	"frame": {"x":1406,"y":758,"w":185,"h":373},
	"rotated": false,
	"trimmed": true,
	"spriteSourceSize": {"x":68,"y":0,"w":185,"h":373},
	"sourceSize": {"w":350,"h":387}
},
"RightPunch_000":
{
	"frame": {"x":2259,"y":375,"w":184,"h":372},
	"rotated": false,
	"trimmed": true,
	"spriteSourceSize": {"x":66,"y":0,"w":184,"h":372},
	"sourceSize": {"w":354,"h":385}
},
"RightPunch_001":
{
	"frame": {"x":2751,"y":1491,"w":223,"h":364},
	"rotated": false,
	"trimmed": true,
	"spriteSourceSize": {"x":22,"y":3,"w":223,"h":364},
	"sourceSize": {"w":354,"h":385}
},
"RightPunch_002":
{
	"frame": {"x":2976,"y":1483,"w":245,"h":357},
	"rotated": false,
	"trimmed": true,
	"spriteSourceSize": {"x":2,"y":6,"w":245,"h":357},
	"sourceSize": {"w":354,"h":385}
},
"RightPunch_003":
{
	"frame": {"x":2679,"y":746,"w":181,"h":369},
	"rotated": false,
	"trimmed": true,
	"spriteSourceSize": {"x":91,"y":3,"w":181,"h":369},
	"sourceSize": {"w":354,"h":385}
},
"RightPunch_004":
{
	"frame": {"x":3377,"y":1,"w":312,"h":352},
	"rotated": false,
	"trimmed": true,
	"spriteSourceSize": {"x":42,"y":0,"w":312,"h":352},
	"sourceSize": {"w":354,"h":385}
},
"RightPunch_005":
{
	"frame": {"x":974,"y":1925,"w":250,"h":374},
	"rotated": false,
	"trimmed": true,
	"spriteSourceSize": {"x":69,"y":0,"w":250,"h":374},
	"sourceSize": {"w":354,"h":385}
},
"RightPunch_006":
{
	"frame": {"x":486,"y":1569,"w":174,"h":385},
	"rotated": false,
	"trimmed": true,
	"spriteSourceSize": {"x":101,"y":0,"w":174,"h":385},
	"sourceSize": {"w":354,"h":385}
},
"RightPunch_007":
{
	"frame": {"x":671,"y":389,"w":158,"h":384},
	"rotated": false,
	"trimmed": true,
	"spriteSourceSize": {"x":98,"y":0,"w":158,"h":384},
	"sourceSize": {"w":354,"h":385}
},
"RightPunch_008":
{
	"frame": {"x":2259,"y":375,"w":184,"h":372},
	"rotated": false,
	"trimmed": true,
	"spriteSourceSize": {"x":66,"y":0,"w":184,"h":372},
	"sourceSize": {"w":354,"h":385}
},
"RightPunch_009":
{
	"frame": {"x":2259,"y":375,"w":184,"h":372},
	"rotated": false,
	"trimmed": true,
	"spriteSourceSize": {"x":66,"y":0,"w":184,"h":372},
	"sourceSize": {"w":354,"h":385}
},
"Win_000":
{
	"frame": {"x":1662,"y":1508,"w":184,"h":373},
	"rotated": false,
	"trimmed": true,
	"spriteSourceSize": {"x":6,"y":30,"w":184,"h":373},
	"sourceSize": {"w":317,"h":438}
},
"Win_001":
{
	"frame": {"x":475,"y":787,"w":175,"h":389},
	"rotated": false,
	"trimmed": true,
	"spriteSourceSize": {"x":22,"y":15,"w":175,"h":389},
	"sourceSize": {"w":317,"h":438}
},
"Win_002":
{
	"frame": {"x":1,"y":1,"w":188,"h":399},
	"rotated": false,
	"trimmed": true,
	"spriteSourceSize": {"x":33,"y":0,"w":188,"h":399},
	"sourceSize": {"w":317,"h":438}
},
"Win_003":
{
	"frame": {"x":831,"y":389,"w":194,"h":383},
	"rotated": false,
	"trimmed": true,
	"spriteSourceSize": {"x":57,"y":38,"w":194,"h":383},
	"sourceSize": {"w":317,"h":438}
},
"Win_004":
{
	"frame": {"x":3223,"y":1465,"w":229,"h":349},
	"rotated": false,
	"trimmed": true,
	"spriteSourceSize": {"x":65,"y":89,"w":229,"h":349},
	"sourceSize": {"w":317,"h":438}
},
"Win_005":
{
	"frame": {"x":3128,"y":1842,"w":237,"h":349},
	"rotated": false,
	"trimmed": true,
	"spriteSourceSize": {"x":57,"y":89,"w":237,"h":349},
	"sourceSize": {"w":317,"h":438}
},
"Win_006":
{
	"frame": {"x":3691,"y":1,"w":273,"h":349},
	"rotated": false,
	"trimmed": true,
	"spriteSourceSize": {"x":21,"y":89,"w":273,"h":349},
	"sourceSize": {"w":317,"h":438}
},
"Win_007":
{
	"frame": {"x":3426,"y":671,"w":253,"h":349},
	"rotated": false,
	"trimmed": true,
	"spriteSourceSize": {"x":41,"y":89,"w":253,"h":349},
	"sourceSize": {"w":317,"h":438}
},
"Win_008":
{
	"frame": {"x":3426,"y":671,"w":253,"h":349},
	"rotated": false,
	"trimmed": true,
	"spriteSourceSize": {"x":41,"y":89,"w":253,"h":349},
	"sourceSize": {"w":317,"h":438}
},
"Win_009":
{
	"frame": {"x":3426,"y":671,"w":253,"h":349},
	"rotated": false,
	"trimmed": true,
	"spriteSourceSize": {"x":41,"y":89,"w":253,"h":349},
	"sourceSize": {"w":317,"h":438}
}},
"meta": {
	"app": "http://www.codeandweb.com/texturepacker",
	"version": "1.0",
	"image": "red-bot.png",
	"format": "RGBA8888",
	"size": {"w":3966,"h":2583},
	"scale": "1",
	"smartupdate": "$TexturePacker:SmartUpdate:dc76ee144408723d896808d9498ff8fe:161d7bf4eeba36dc018f3dd8604636ed:6cd8cb3ba0a8c31ab3e5832cda160411$"
}
}
